{
    "FileLogName":"ServerUp_status.log",
    "DirectoryLog":"D:\\SteamLibrary\\steamapps\\common\\DayZServer",
    "ServerDirectory":"D:\\SteamLibrary\\steamapps\\common\\DayZServer",
    "ServerFileName": "DayZServer_x64.exe",
    "ServerPort":2302,
    "ServerAwait":30,
    "ServerParams":"-BEpath=D:\\SteamLibrary\\steamapps\\common\\DayZServer\\battleye -profiles=U:\\SteamLibrary\\steamapps\\common\\DayZServer\\PlayerLogs -adminlog -dologs -config=serverDZ.cfg",
    "EnableLogger":true
}